{
    "app": [{
        "appID": "1",
        "name": "ExampleAPP",
        "appFile": "/testpage.html"
    },
	{
        "appID": "2",
        "name": "ExampleAPP2",
        "appFile": "/testpage.html"
    },
	{
        "appID": "3",
        "name": "ExampleAPP3",
        "appFile": "/testpage.html"
    },
	{
        "appID": "4",
        "name": "ExampleAPP4",
        "appFile": "/testpage.html"
    },
	{
        "appID": "5",
        "name": "ExampleAPP5",
        "appFile": "/testpage.html"
    },
	{
        "appID": "6",
        "name": "ExampleAPP6",
        "appFile": "/testpage.html"
    }
	]
}